"FCS file","Condition","dose","Individual"
"0147.FCS","UE","CPG",1
"0146.FCS","UE","PIC",1
"0145.FCS","UE","PG",1
"0144.FCS","UE","R848",1
"0143.FCS","UE","LPS",1
"0142.FCS","UE","PAM",1
"0141.FCS","UE","unstim",1
"0161.FCS","UE","CPG",2
"0160.FCS","UE","PIC",2
"0159.FCS","UE","PG",2
"0158.FCS","UE","R848",2
"0157.FCS","UE","LPS",2
"0156.FCS","UE","PAM",2
"0155.FCS","UE","unstim",2
"0063.FCS","HEU","CPG",3
"0062.FCS","HEU","PIC",3
"0061.FCS","HEU","PG",3
"0060.FCS","HEU","R848",3
"0059.FCS","HEU","LPS",3
"0058.FCS","HEU","PAM",3
"0057.FCS","HEU","unstim",3
"0105.FCS","UE","CPG",4
"0104.FCS","UE","PIC",4
"0103.FCS","UE","PG",4
"0102.FCS","UE","R848",4
"0101.FCS","UE","LPS",4
"0100.FCS","UE","PAM",4
"0099.FCS","UE","unstim",4
"0294.FCS","UE","CPG",5
"0293.FCS","UE","PIC",5
"0292.FCS","UE","PG",5
"0291.FCS","UE","R848",5
"0290.FCS","UE","LPS",5
"0289.FCS","UE","PAM",5
"0288.FCS","UE","unstim",5
"0084.FCS","UE","CPG",6
"0083.FCS","UE","PIC",6
"0082.FCS","UE","PG",6
"0081.FCS","UE","R848",6
"0080.FCS","UE","LPS",6
"0079.FCS","UE","PAM",6
"0078.FCS","UE","unstim",6
"0070.FCS","UE","CPG",7
"0069.FCS","UE","PIC",7
"0068.FCS","UE","PG",7
"0067.FCS","UE","R848",7
"0066.FCS","UE","LPS",7
"0065.FCS","UE","PAM",7
"0064.FCS","UE","unstim",7
"0014.FCS","UE","CPG",8
"0013.FCS","UE","PIC",8
"0012.FCS","UE","PG",8
"0011.FCS","UE","R848",8
"0010.FCS","UE","LPS",8
"0009.FCS","UE","PAM",8
"0008.FCS","UE","unstim",8
"0154.FCS","UE","CPG",9
"0153.FCS","UE","PIC",9
"0152.FCS","UE","PG",9
"0151.FCS","UE","R848",9
"0150.FCS","UE","LPS",9
"0149.FCS","UE","PAM",9
"0148.FCS","UE","unstim",9
"0077.FCS","HEU","CPG",10
"0076.FCS","HEU","PIC",10
"0075.FCS","HEU","PG",10
"0074.FCS","HEU","R848",10
"0073.FCS","HEU","LPS",10
"0072.FCS","HEU","PAM",10
"0071.FCS","HEU","unstim",10
"0140.FCS","UE","CPG",11
"0139.FCS","UE","PIC",11
"0138.FCS","UE","PG",11
"0137.FCS","UE","R848",11
"0136.FCS","UE","LPS",11
"0135.FCS","UE","PAM",11
"0134.FCS","UE","unstim",11
"0245.FCS","HEU","CPG",12
"0244.FCS","HEU","PIC",12
"0243.FCS","HEU","PG",12
"0242.FCS","HEU","R848",12
"0241.FCS","HEU","LPS",12
"0240.FCS","HEU","PAM",12
"0239.FCS","HEU","unstim",12
"0049.FCS","HEU","CPG",13
"0048.FCS","HEU","PIC",13
"0047.FCS","HEU","PG",13
"0046.FCS","HEU","R848",13
"0045.FCS","HEU","LPS",13
"0044.FCS","HEU","PAM",13
"0043.FCS","HEU","unstim",13
"0252.FCS","UE","CPG",14
"0251.FCS","UE","PIC",14
"0250.FCS","UE","PG",14
"0249.FCS","UE","R848",14
"0248.FCS","UE","LPS",14
"0247.FCS","UE","PAM",14
"0246.FCS","UE","unstim",14
"0259.FCS","UE","CPG",15
"0258.FCS","UE","PIC",15
"0257.FCS","UE","PG",15
"0256.FCS","UE","R848",15
"0255.FCS","UE","LPS",15
"0254.FCS","UE","PAM",15
"0253.FCS","UE","unstim",15
"0238.FCS","HEU","CPG",16
"0237.FCS","HEU","PIC",16
"0236.FCS","HEU","PG",16
"0235.FCS","HEU","R848",16
"0234.FCS","HEU","LPS",16
"0233.FCS","HEU","PAM",16
"0232.FCS","HEU","unstim",16
"0287.FCS","HEU","CPG",17
"0286.FCS","HEU","PIC",17
"0285.FCS","HEU","PG",17
"0284.FCS","HEU","R848",17
"0283.FCS","HEU","LPS",17
"0282.FCS","HEU","PAM",17
"0281.FCS","HEU","unstim",17
"0203.FCS","UE","CPG",18
"0202.FCS","UE","PIC",18
"0201.FCS","UE","PG",18
"0200.FCS","UE","R848",18
"0199.FCS","UE","LPS",18
"0198.FCS","UE","PAM",18
"0197.FCS","UE","unstim",18
"0042.FCS","HEU","CPG",19
"0041.FCS","HEU","PIC",19
"0040.FCS","HEU","PG",19
"0039.FCS","HEU","R848",19
"0038.FCS","HEU","LPS",19
"0037.FCS","HEU","PAM",19
"0036.FCS","HEU","unstim",19
"0280.FCS","HEU","CPG",20
"0279.FCS","HEU","PIC",20
"0278.FCS","HEU","PG",20
"0277.FCS","HEU","R848",20
"0276.FCS","HEU","LPS",20
"0275.FCS","HEU","PAM",20
"0274.FCS","HEU","unstim",20
"0007.FCS","UE","CPG",21
"0006.FCS","UE","PIC",21
"0005.FCS","UE","PG",21
"0004.FCS","UE","R848",21
"0003.FCS","UE","LPS",21
"0002.FCS","UE","PAM",21
"0001.FCS","UE","unstim",21
"0231.FCS","HEU","CPG",22
"0230.FCS","HEU","PIC",22
"0229.FCS","HEU","PG",22
"0228.FCS","HEU","R848",22
"0227.FCS","HEU","LPS",22
"0226.FCS","HEU","PAM",22
"0225.FCS","HEU","unstim",22
"0224.FCS","HEU","CPG",23
"0223.FCS","HEU","PIC",23
"0222.FCS","HEU","PG",23
"0221.FCS","HEU","R848",23
"0220.FCS","HEU","LPS",23
"0219.FCS","HEU","PAM",23
"0218.FCS","HEU","unstim",23
"0273.FCS","UE","CPG",24
"0272.FCS","UE","PIC",24
"0271.FCS","UE","PG",24
"0270.FCS","UE","R848",24
"0269.FCS","UE","LPS",24
"0268.FCS","UE","PAM",24
"0267.FCS","UE","unstim",24
"0133.FCS","UE","CPG",25
"0132.FCS","UE","PIC",25
"0131.FCS","UE","PG",25
"0130.FCS","UE","R848",25
"0129.FCS","UE","LPS",25
"0128.FCS","UE","PAM",25
"0127.FCS","UE","unstim",25
"0056.FCS","HEU","CPG",26
"0055.FCS","HEU","PIC",26
"0054.FCS","HEU","PG",26
"0053.FCS","HEU","R848",26
"0052.FCS","HEU","LPS",26
"0051.FCS","HEU","PAM",26
"0050.FCS","HEU","unstim",26
"0098.FCS","UE","CPG",27
"0097.FCS","UE","PIC",27
"0096.FCS","UE","PG",27
"0095.FCS","UE","R848",27
"0094.FCS","UE","LPS",27
"0093.FCS","UE","PAM",27
"0092.FCS","UE","unstim",27
"0196.FCS","HEU","CPG",28
"0195.FCS","HEU","PIC",28
"0194.FCS","HEU","PG",28
"0193.FCS","HEU","R848",28
"0192.FCS","HEU","LPS",28
"0191.FCS","HEU","PAM",28
"0190.FCS","HEU","unstim",28
"0168.FCS","HEU","CPG",29
"0167.FCS","HEU","PIC",29
"0166.FCS","HEU","PG",29
"0165.FCS","HEU","R848",29
"0164.FCS","HEU","LPS",29
"0163.FCS","HEU","PAM",29
"0162.FCS","HEU","unstim",29
"0091.FCS","UE","CPG",30
"0090.FCS","UE","PIC",30
"0089.FCS","UE","PG",30
"0088.FCS","UE","R848",30
"0087.FCS","UE","LPS",30
"0086.FCS","UE","PAM",30
"0085.FCS","UE","unstim",30
"0126.FCS","UE","CPG",31
"0125.FCS","UE","PIC",31
"0124.FCS","UE","PG",31
"0123.FCS","UE","R848",31
"0122.FCS","UE","LPS",31
"0121.FCS","UE","PAM",31
"0120.FCS","UE","unstim",31
"0217.FCS","UE","CPG",32
"0216.FCS","UE","PIC",32
"0215.FCS","UE","PG",32
"0214.FCS","UE","R848",32
"0213.FCS","UE","LPS",32
"0212.FCS","UE","PAM",32
"0211.FCS","UE","unstim",32
"0308.FCS","UE","CPG",33
"0307.FCS","UE","PIC",33
"0306.FCS","UE","PG",33
"0305.FCS","UE","R848",33
"0304.FCS","UE","LPS",33
"0303.FCS","UE","PAM",33
"0302.FCS","UE","unstim",33
"0210.FCS","UE","CPG",34
"0209.FCS","UE","PIC",34
"0208.FCS","UE","PG",34
"0207.FCS","UE","R848",34
"0206.FCS","UE","LPS",34
"0205.FCS","UE","PAM",34
"0204.FCS","UE","unstim",34
"0189.FCS","UE","CPG",35
"0188.FCS","UE","PIC",35
"0187.FCS","UE","PG",35
"0186.FCS","UE","R848",35
"0185.FCS","UE","LPS",35
"0184.FCS","UE","PAM",35
"0183.FCS","UE","unstim",35
"0028.FCS","HEU","CPG",36
"0027.FCS","HEU","PIC",36
"0026.FCS","HEU","PG",36
"0025.FCS","HEU","R848",36
"0024.FCS","HEU","LPS",36
"0023.FCS","HEU","PAM",36
"0022.FCS","HEU","unstim",36
"0021.FCS","UE","CPG",37
"0020.FCS","UE","PIC",37
"0019.FCS","UE","PG",37
"0018.FCS","UE","R848",37
"0017.FCS","UE","LPS",37
"0016.FCS","UE","PAM",37
"0015.FCS","UE","unstim",37
"0266.FCS","HEU","CPG",38
"0265.FCS","HEU","PIC",38
"0264.FCS","HEU","PG",38
"0263.FCS","HEU","R848",38
"0262.FCS","HEU","LPS",38
"0261.FCS","HEU","PAM",38
"0260.FCS","HEU","unstim",38
"0035.FCS","HEU","CPG",39
"0034.FCS","HEU","PIC",39
"0033.FCS","HEU","PG",39
"0032.FCS","HEU","R848",39
"0031.FCS","HEU","LPS",39
"0030.FCS","HEU","PAM",39
"0029.FCS","HEU","unstim",39
"0301.FCS","UE","CPG",40
"0300.FCS","UE","PIC",40
"0299.FCS","UE","PG",40
"0298.FCS","UE","R848",40
"0297.FCS","UE","LPS",40
"0296.FCS","UE","PAM",40
"0295.FCS","UE","unstim",40
"0182.FCS","HEU","CPG",41
"0181.FCS","HEU","PIC",41
"0180.FCS","HEU","PG",41
"0179.FCS","HEU","R848",41
"0178.FCS","HEU","LPS",41
"0177.FCS","HEU","PAM",41
"0176.FCS","HEU","unstim",41
"0119.FCS","HEU","CPG",42
"0118.FCS","HEU","PIC",42
"0117.FCS","HEU","PG",42
"0116.FCS","HEU","R848",42
"0115.FCS","HEU","LPS",42
"0114.FCS","HEU","PAM",42
"0113.FCS","HEU","unstim",42
"0112.FCS","HEU","CPG",43
"0111.FCS","HEU","PIC",43
"0110.FCS","HEU","PG",43
"0109.FCS","HEU","R848",43
"0108.FCS","HEU","LPS",43
"0107.FCS","HEU","PAM",43
"0106.FCS","HEU","unstim",43
"0175.FCS","HEU","CPG",44
"0174.FCS","HEU","PIC",44
"0173.FCS","HEU","PG",44
"0172.FCS","HEU","R848",44
"0171.FCS","HEU","LPS",44
"0170.FCS","HEU","PAM",44
"0169.FCS","HEU","unstim",44
